{
  "type": "lightgbm",
  "feature_names": [
    "hour_sin",
    "hour_cos",
    "month_sin",
    "month_cos",
    "day_of_week_sin",
    "day_of_week_cos",
    "is_weekend",
    "is_holiday",
    "temperature"
  ],
  "train_metrics": {
    "mae": 11.787313783049816,
    "rmse": 14.771744545091838,
    "r2": 0.24099748724500714
  },
  "params": {
    "n_estimators": 500,
    "learning_rate": 0.03,
    "num_leaves": 7,
    "min_child_samples": 20
  },
  "n_estimators_actual": 183,
  "test_metrics": {
    "mae": 27.944874272443585,
    "rmse": 44.84850269319235,
    "r2": -0.03634608365084713
  }
}